,lemmas,real phrases,generated phrases
0,"alcalde, no, querer, pagar, flautista",El alcalde no quiso pagar al flautista.,El alcalde no quería pagar al flautista.
1,"caer, sal, a, mantel",Cayó sal al mantel.,El sal cae a la mantel.
2,"ogro, se, ir",El ogro se fue.,El ogro se va.
3,"cabritillos, ser, feliz",Los cabritillos fueron felices.,Los cabritillos son felices.
4,"lobo, querer, comer, lo",El lobo quiere comerlos.,El lobo quiere comer el lobo.
5,"Reyes, mago, ir, camello",Los Reyes magos van en camello.,Los Reyes Magos van en camello.
6,"caracol, Ramó, no, saber, como, vestir, se",El caracol Ramón no sabe como vestirse,El caracol Ramó no sabía como vestir se.
7,"tomar, este, tomate",Toma este tomate.,Toma este tomate.
8,"pájaro, nadar, por, mar",El pájaro nada por el mar.,El pájaro nada por el mar.
9,"qué, llevar, cesta, ?",¿Qué llevas en la cesta?,¿Qué llevas en la cesta?
10,"domingo, de, ramos, ir, ver, borriquita",El domingo de ramos vamos a ver la borriquita.,"El domingo de Ramos, el niño va a ver la borriquita."
11,"lobo, querer, comer, lo",El lobo quiere comerlo.,El lobo quiere comerlo.
12,"gato, mirar, pez",El gato mira el pez.,El gato mira el pez.
13,"caracol, se, poner, triste",El caracol se puso triste.,El caracol se puso triste.
14,"niños, saltar, cama",Los niños saltan en la cama.,Los niños saltan de la cama.
15,"ogro, tener, un, gallina, mágico",El ogro tenía una gallina mágica.,El ogro tiene una gallina mágica.
16,"dos, coches, chocar, cielo",Dos coches chocan en el cielo.,Dos coches chocan en el cielo.
17,"Juan, su, mamá, vivir, feliz",Juan y su mamá vivieron felices.,Juan vive con su mamá y ella es feliz.
18,"niños, jugar, parque",Los niños juegan en el parque.,Los niños juegan en el parque.
19,"papá, comprar, supermercado",El papá compra en el supermercado.,Papá compra en el supermercado.
20,"lechera, ser, niña, alegre, soñador",La lechera era una niña alegre y soñadora.,La lechera es una niña alegre y soñadora.
21,"su, madre, la, encontrar, llorar",Su madre la encontró llorando.,Su madre la encuentra llorando.
22,"niña, subir, escalera",La niña sube a la escalera.,La niña sube la escalera.
23,"burro, caer, barro",La burra cayó al barro.,El burro cae en el barro.
24,"quién, ser, más, guapo, ?",¿quién es la más guapa?,Quién es más guapo?
25,"lobo, ir, molino",El lobo va al molino.,El lobo va al molino.
26,"ser, ver, te, bien",Son para verte bien.,Me ves bien.
27,"este, ser, tres, cerditos",Estos son los tres cerditos.,Este es tres cerditos.
28,"yo, jugar, parque, con, niños",Yo juego en el parque con los niños.,Yo juego en el parque con niños.
29,"papá, oso, coger, plato, grande",Papá oso coge el plato grande.,Papá osito cogió el plato grande.
30,"cabritillos, no, abrir, puerta",Los cabritillos no abren la puerta.,Los cabritillos no abrieron la puerta.
31,"niño, montar, en, cerdo",El niño monta en el cerdo.,El niño monta en el cerdo.
32,"perro, pasear, collar",El perro pasea con el collar.,El perro pasea con su collar.
33,"Ricitos, de, Oro, estar, cansadi",Ricitos de Oro está cansada.,Ricitos de Oro se cansó.
34,"yo, me, bañar, agua, con, jabón",Yo me baño con agua y con jabón.,Yo me bañé con agua y jabón.
35,"tren, ir, carretera",El tren va por la carretera.,El tren va por la carretera.
36,"niño, se, subir, rocas",El niño se sube a las rocas.,El niño se subió a las rocas.
37,"chica, merendar, bocadillo, chorizo, leche",La chica merienda bocadillo de chorizo y leche.,La chica merendó un bocadillo de chorizo con leche.
38,"Imanol, ir, hotel",Imanol va al hotel.,Imanol va al hotel.
39,"Luis, estar, un, poco, loco",Luis está un poco loco.,Luis está un poco loco.
40,"cerdito, ir, jugar",El cerdito va a jugar.,El cerdito va a jugar.
41,"tener, pata, blanco, como, mamá",Tiene la pata blanca como mamá.,Tengo una pata blanca como mi mamá.
42,"niño, mirar, mariposa, con, lupa",El niño mira la mariposa con la lupa.,El niño mira la mariposa con la lupa.
43,"niño, escuchar, gato",El niño escucha el gato.,El niño escuchó al gato.
44,"caballo, correr, mar",El caballo corre en el mar.,El caballo corre al mar.
45,"vaca, querer, estudiar, escuela",La vaca quería estudiar en la escuela.,La vaca quiere estudiar en la escuela.
46,"papá, nadar, piscina",Papá nada en la piscina.,Papá nadó en la piscina.
47,"Blancanieves, correr, bosque",Blancanieves corre al bosque.,Blancanieves corrió por el bosque.
48,"burro, saludar, ratita",El burro saluda a la ratita.,El burro saludó a la ratita.
49,"tren, ir, mar",El tren va por el mar.,El tren va al mar.
50,"Dorita, vivir, un, granja, con, su, tíos, su, perrito, Totó",Dorita vivía en una granja con sus tíos y su perrito Totó.,Dorita vivía en una granja con sus tíos y su perr
51,"abuelita, qué, ojos, grande, tener",Abuelita qué ojos grandes tienes.,Abuelita tiene ojos grandes.
52,"bebé, jugar, parquet",El bebé juega en el parquet.,El bebé juega con el parquet.
53,"niña, nadar, biblioteca",La niña nada en la biblioteca.,La niña nadó en la biblioteca.
54,"niño, jugar, con, barco",El niño juega con el barco.,El niño juega con el barco.
55,"Juan, cambiar, vaca, por, habichuelas, mágico",Juan cambió la vaca por habichuelas mágicas.,Juan cambió la vaca por habichuelas mágicas.
56,"gato, dormir, encima, guitarra",El gato duerme encima de la guitarra.,El gato duerme encima de la guitarra.
57,"niños, jugar, construcciones",Los niños juegan con las construcciones.,Los niños juegan con las construcciones.
58,"niños, jugar, con, pelota",Los niños juegan con la pelota.,Los niños juegan con la pelota.
59,"bola, ser, como, pelota",La bola es como una pelota.,La bola es como una pelota.
60,"mamá, pato, pasear, su, hijos",Mamá pato paseaba con sus hijos.,La mamá pato pasea con sus hijos.
61,"ogro, se, caer",El ogro se cayó.,El ogro se cae.
62,"cerditos, no, tener, dónde, esconder, se",Los cerditos no tienen dónde esconderse.,Los cerditos no tienen dónde esconderse.
63,"rana, subir, rama",La rana subió a la rama.,La rana sube a la rama.
64,"gato, comer, ratatita",El gato come a la ratita.,El gato come la ratatita.
65,"quién, ser, más, guapo, ?",¿Quién es la más guapa?,¿Quién serás más guapo?
66,"gallina, poner, huevos, de, oro",La gallina ponía huevos de oro.,La gallina pone huevos de oro.
67,"niña, jugar, con, piedras",La niña juega con las piedras.,La niña juega con las piedras.
68,"maleta, estar, en, salón",La maleta está en el salón.,La maleta está en el salón.
69,"niño, pasear, calle",El niño pasea por la calle.,El niño pasea por la calle.
70,"solo, estudiar, vaca",Solo estudiaba la vaca.,Solo estudé la vaca.
71,"niño, mirar, estrellas, con, telescopio",El niño mira las estrellas con el telescopio.,El niño mira las estrellas con el telescopio.
72,"tener, un, vaca, viejo",Tenían una vaca vieja.,Tengo una vaca vieja.
73,"niña, escribir, con, lápiz, en, papel",La niña escribe con un lápiz en el papel.,La niña escribe con un lápiz en el papel.
74,"ruiseñor, cantar, rama",El ruiseñor canta en la rama.,El ruiseñor canta en la rama.
75,"niña, entrar, tren",La niña entra al tren.,La niña entra en el tren.
76,"arpa, producir, diamantes",El arpa produjo diamantes.,La arpa produce diamantes.
77,"niñas, correr, cometa",Las niñas corren con la cometa.,Las niñas corren con la cometa.
78,"lobo, dormir",El lobo dormía.,El lobo duerme.
79,"niño, ir, panadería",Niño va a la panadería.,El niño va a la panadería.
80,"ir, casa, mío, abuela",Voy a casa mi de abuela.,Yo voy a la casa de mi abuela.
81,"a, dónde, ir, Caperucita",¿A dónde vas Caperucita?,"A, ¿dónde vas, Caperucita?"
82,"lobo, llamar, puerta",El lobo llamó a la puerta.,El lobo llama a la puerta.
83,"Marcelina, salir, buscar, los",Marcelina sale a buscarlos.,Marcelina salió a buscarlos.
84,"mamá, cortar, barriga, de, lobo",Mamá corta la barriga del lobo.,La mamá corta la barriga de lobo.
85,"querer, jugar, con, fuego",Yo quiero jugar con el fuego.,Quiero jugar con fuego.
86,"dos, niños, correr, mucho",Los dos niños corren mucho.,Dos niños corren mucho.
87,"ogro, bajar, planta",El ogro bajó por la planta.,El ogro baja la planta.
88,"niña, llevar, paraguas",La niña lleva un paraguas.,La niña lleva el paraguas.
89,"delfines, nadar, mar",Los delfines nadan en el mar.,Los delfines nadan en el mar.
90,"gato, besar, ratita",El gato besa a la ratita.,El gato besa la ratita.
91,"chica, nadar, en, piscina, cubierto",La chica nada en la piscina cubierta.,La chica nada en la piscina cubierta.
92,"niños, jugar, barco, tren",Los niños juegan con el barco y el tren.,Los niños juegan en el barco y en el tren.
93,"chicos, acabar, borrico",Los chicos acabaron borricos.,Los chicos acabaron con el borrico.
94,"niña, beber, pajita",La niña bebe con la pajita.,La niña bebe la pajita.
95,"pez, nadar, mar",El pez nada en el mar.,El pez nada en el mar.
96,"gallina, poner, huevod, de, oro",La gallina puso huevos de oro.,La gallina pone un huevito de oro.
97,"mamá, le, comprar, muñeca, niño",La mamá le compra una muñeca a la niña.,Mamá le compra una muñeca al niño.
98,"niños, ir, colegio, en, avión",Los niños van al colegio en avión.,Los niños van al colegio en avión.
99,"loro, mirar, caracol",El loro mira al caracol.,El loro mira el caracol.
100,"niña, estar, sentado, escaleras",La niña está sentada en las escaleras.,La niña está sentada en las escaleras.
101,"gatos, dormir, debajo, árboles",Los gatos duermen debajo de los árboles.,Los gatos duermen debajo de los árboles.
102,"osito, coger, plato, pequeño",El osito coge el plato pequeño.,El osito coge el plato pequeño.
103,"me, picar, nariz, oreja",Me pica la nariz y la oreja.,Yo me pico la nariz y la oreja.
104,"yo, bañar, en, bañera",Yo me baño en la bañera.,Yo me baño en la bañera.
105,"dinero, estar, monedero",El dinero está en el monedero.,El dinero está en el monedero.
106,"esquimal, vivir, en, cabaña",El esquimal vive en una cabaña.,El esquimal vive en la cabaña.
107,"niños, jugar, nieve",Los niños juegan con la nieve.,Los niños juegan en la nieve.
108,"tenedor, estar, comedor",El tenedor está en el comedor.,El tenedor está en el comedor.
109,"Marina, ser, bailarín",Marina es bailarina.,Marina es bailarina.
110,"niño, dormir, osito",El niño duerme con el osito.,El niño duerme con el osito.
111,"mariposa, se, poner, furioso",La mariposa se puso furiosa.,La mariposa se pone furiosa.
112,"me, gustar, pandereta",Me gusta la pandereta.,Me gusta la pandereta.
113,"mamá, bañar, bebé",La mamá baña al bebé.,Mamá baña al bebé.
114,"casa, paja, se, romper",La casa de paja se rompe.,La casa de paja se rompe.
115,"cabritillos, abrir, puerta",Los cabritillos abren la puerta.,Los cabritillos abren la puerta.
116,"abuela, estar, armario",La abuela está en el armario.,La abuela está en el armario.
117,"ser, para, oir, te, bien",Son para oirte bien.,Ser para oírte bien.
118,"lagarto, estar, lavadora",El lagarto está en la lavadora.,El lagarto está en la lavadora.
119,"coger, tapón, de, botella",Coge el tapón de la botella.,Cogí el tapón de la botella.
120,"perro, gato, ser, pequeñitos",El perro y el gato son pequeñitos.,El perro y el gato son pequeñitos.
121,"tres, osos, volver, casa",Los tres osos vuelven a casa.,Los tres osos vuelven a casa.
122,"yo, querer, ir, Luna",Yo quiero ir a la Luna.,Yo quiero ir a la Luna.
123,"Nora, ser, moreno",Nora es morena.,Nora es morena.
124,"niña, hablar, teléfono",La niña habla por teléfono.,La niña habla por teléfono.
125,"abejas, volar, alrededor, flor, rosa",Las abejas vuelan alrededor de la flor rosa.,Las abejas vuelan alrededor de la flor rosa.
126,"rey, ser, de, rusia",Ese rey es de rusia.,El rey es de Rusia.
127,"niña, beber, vaso",La niña bebe en el vaso.,La niña bebe del vaso.
128,"tortuga, nadar, mar",La tortuga nada en el mar.,La tortuga nada en el mar.
129,"yo, dormir, cama",Yo duermo en la cama.,Yo duermo en la cama.
130,"ovejas, tener, mucho, lana",Las ovejas tienen mucha lana.,Las ovejas tienen mucho lana.
131,"mirar, hilo, con, lupa",Miro el hilo con la lupa.,Miramos el hilo con la lupa.
132,"todo, niños, se, asustar",Todos los niños se asustaron.,Todo los niños se asustaron.
133,"niña, jugar, fichas",La niña juega con las fichas.,La niña juega con las fichas.
134,"yo, hacer, pis, en, váter",Yo hago pis en el váter.,Yo hago pis en el váter.
135,"pingüinos, patinar, nieve, con, gorros, bufandas",Los pingüinos patinan en la nieve con gorros y bufandas.,Los pingüinos patinan en la nieve con gorros y bufandas.
136,"niño, beber, botella",El niño bebe en la botella.,El niño bebe de la botella.
137,"niños, pintar, con, lapiz, en, papel, blanco",Los niños pintan con un lapiz azul en papel blanco.,Los niños pintan con lápiz en el papel blanco.
138,"niña, jugar, con, agua",La niña juega con el agua.,La niña juega con el agua.
139,"lobo, querer, comer, cabritillos",El lobo quiere comer a los cabritillos.,El lobo quiere comer los cabritillos.
140,"perro, ver, ratita",El perro ve a la ratita.,El perro ve la ratita.
141,"caracol, subir, árbol",El caracol sube al árbol.,El caracol sube al árbol.
142,"ratita, encontrar, un, moneda",La ratita encuentra una moneda.,La ratita encontró una moneda.
143,"pescador, estar, en, mar",El pescador está en el mar.,El pescador está en el mar.
144,"niña, tener, mano, pintado",La niña tiene las manos pintadas.,La niña tiene una mano pintada.
145,"niña, estar, sentado, en, un, sillón, rojo",La niña está sentada en un sillón rojo.,La niña está sentada en un sillón rojo.
146,"Ricitos, de, Oro, entrar, un, casa",Ricitos de Oro entra en una casa.,Ricitos de Oro entra en una casa.
147,"niños, aprender, en, colegio",Los niños aprenden en el colegio.,Los niños aprenden en el colegio.
148,"pez, nadar, bañera",El pez nada en la bañera.,El pez nada en la bañera.
149,"niña, escribir, arena",La niña escribe en la arena.,La niña escribe en la arena.
150,"Marcelina, estar, montar, belén, en, su, casa",Marcelina está montando el belén en su casa.,Marcelina está montando el belén en su casa.
151,"Ricitos, de, Oro, dormir, cama, pequeño",Ricitos de Oro duerme en la cama pequeña.,Ricitos de Oro duermen en la cama pequeña.
152,"niño, bajar, tobogán",El niño baja por el tobogán.,El niño baja el tobogán.
153,"Ramón, me, regalar, un, rosa, rojo",Ramón me regaló una rosa roja.,Ramón me regala una rosa roja.
154,"chico, flotar, con, churro",El chico flota con el churro.,El chico flota con el churro.
155,"me, gustar, filete, con, patatas",Me gusta el filete con patatas.,Me gusta el filete con patatas.
156,"niño, jugar, pala, cubo",El niño juega con la pala y el cubo.,El niño juega con la pala y el cubo.
157,"gato, dormir, encima, armario",El gato duerme encima del armario.,El gato duerme encima del armario.
158,"madrastra, lo, hacer, trabajar, todo, día",Su madrastra la hacía trabajar todo el día.,La madrastra lo hace trabajar todo el día.
159,"libro, estuche, estar, dentro, mochila",El libro y el estuche están dentro de la mochila.,El libro estuche está dentro de la mochila.
160,"bebé, pasear, en, coche",El bebé pasea en el coche.,El bebé pasea en el coche.
161,"niños, jugar, con, hojas, de, árboles",Los niños juegan con las hojas de los árboles.,Los niños juegan con las hojas de los árboles.
162,"yo, bañar, en, fregadero",Yo me baño en el fregadero.,Yo me baño en el fregadero.
163,"oso, se, subir, árbol",El oso se sube al árbol.,El oso se sube al árbol.
164,"niño, le, dar, un, regalo, a, plancha",El niño le da un regalo a la plancha.,El niño le da un regalo a la plancha.
165,"niño, le, dar, un, regalo, a, su, padre",El niño le da un regalo a su padre.,El niño le da un regalo a su padre.
166,"mujeres, vestir, mantilla",Las mujeres se visten de mantilla.,Las mujeres vestían mantilla.
167,"niño, leer, un, libro, con, linterna, debajo, de, sábana",El niño lee un libro con la linterna debajo de la sábana.,El niño lee un libro con la linterna debajo de la sábana.
168,"me, gustar, naranjas",Me gustan las naranjas.,Me gustan las naranjas.
169,"papá, conducir, un, avestruz",Papá conduce una avestruz.,Papá conduce un avestruz.
170,"mono, pensar, plátano",El mono piensa en un plátano.,El mono piensa en plátano.
171,"perro, dormir, en, cesta",El perro duerme en la cesta.,El perro duerme en la cesta.
172,"querer, comer, melón, limón",Quiero comer melón y limón.,Quiero comer melón con limón.
173,"Juan, encontrar, castillo",Juan encontró un castillo.,Juan encuentra el castillo.
174,"libro, estuche, estar, dentro, horno",El libro y el estuche están dentro del horno.,El libro está en el estuche dentro del horno.
175,"torero, mirar, toro",El torero mira al toro.,El torero mira al toro.
176,"niña, aplaudir, con, manos",La niña aplaude con las manos.,La niña aplaudía con las manos.
177,"duende, pintar, color, amarillo, casa, de, caracol",El duende pintó de color amarillo la casa del caracol.,El duende pintó la casa de caracol de color amarillo.
178,"niños, ir, colegio, autobús",Los niños van al colegio en autobús.,Los niños van al colegio en el autobús.
179,"niño, escuchar, rana",El niño escucha a la rana.,El niño escucha a la rana.
180,"yo, dormir, día",Yo duermo por el día.,Yo duermo durante el día.
181,"globo, volar, encima, montaña",El globo vuela encima de las montañas.,El globo vuela encima de la montaña.
182,"chico, nadar, río",El chico nada en el rio.,El chico nadó en el río.
183,"esquimal, vivir, iglú",El esquimal vive en un iglú.,El esquimal vive en el iglú.
184,"bolsa, fruta, se, romper",La bolsa de la fruta se ha roto.,La bolsa de fruta se rompe.
185,"niño, encender, luz",El niño enciende la luz.,El niño enciende la luz.
186,"mariposa, volar, campo",La mariposa vuela por el campo.,La mariposa vuela por el campo.
187,"abuelita, qué, boca, grande, tener",Abuelita qué boca grande tienes.,La abuelita tiene una boca grande.
188,"chica, nadar, piscina",La chica nada en la piscina.,La chica nadaba en la piscina.
189,"Lolo, jugar, balón",Lolo juega con el balón.,Lolo juega con el balón.
190,"María, ir, carnicería",María va a la carnicería.,María va a la carnicería.
191,"alguien, romper, silla, pequeño",Alguien ha roto la silla pequeña.,Alguien rompió la silla pequeña.
192,"niño, escuchar, música",El niño escucha música.,El niño escuchaba la música.
193,"niño, escuchar, pájaro",El niño escucha el pájaro.,El niño escucha al pájaro.
194,"lobo, teñir, harina, su, patas",El lobo tiñó con harina sus patas.,El lobo teñía harina en sus patas.
195,"pata, ser, negro, peludo",La pata es negra y peluda.,La pata es negra y peluda.
196,"comer, sopa, de, plato, pequeño",Come la sopa del plato pequeño.,Comen la sopa del plato pequeño.
197,"gato, dormir, encima, sofá",El gato duerme encima del sofá.,El gato duerme en el sofá.
198,"no, me, gustar, paté",No me gusta el paté.,No me gusta el paté.
199,"Rosa, tener, ropa, rojo",Rosa tiene ropa roja.,Rosa tiene ropa roja.
200,"yo, dormir, en, lavadora",Yo duermo en la lavadora.,Yo duermo en la lavadora.
201,"yo, querer, ir, baño",Yo quiero ir al baño.,Yo quiero ir al baño.
202,"mamá, cabra, ir, comprar",Mamá cabra va a comprar.,La mamá cabra va a comprar.
203,"lobo, querer, comer, abuela",El lobo quiere comer a la abuela.,El lobo quería comer a la abuela.
204,"moto, estar, en, taller",La moto está en el taller.,La moto está en el taller.
205,"lobo, querer, comer, caperucita",El lobo quiere comer a caperucita.,El lobo quiere comer a la Caperucita.
206,"niño, estar, sentado, en, un, roca",La niña está sentada en una roca.,El niño está sentado en una roca.
207,"Enrique, me, regalar, un, ramo, de, rosas",Enrique me regaló un ramo de rosas.,Enrique me regala un ramo de rosas.
208,"tren, ir, vía",El tren va por la vía.,El tren va por la vía.
209,"mujer, coger, melocotones, de, árbol, con, su, cesto",La mujer coge melocotones del árbol con su cesto.,La mujer cogió los melocotones del árbol con su cesto.
210,"gusano, seda, se, enamorar, ella",El gusano de seda se enamoró de ella.,El gusano de seda se enamoró de ella.
211,"Caperucita, asombrado, preguntar, abuela",Caperucita asombrada preguntó a la abuela.,Caperucita se asombra y pregunta a la abuela.
212,"zapatería, tener, mucho, zapato",Esa zapatería tiene muchos zapatos.,La zapatería tiene muchos zapatos.
213,"reyes, mago, traer, regalo",Los Reyes Magos traen regalo.,Los reyes magos traen regalos.
214,"lobo, feroz, seguir, Caperucita",El lobo feroz siguió a Caperucita.,El lobo feroz sigue a Caperucita.
215,"mayor, hacer, casa, piedra",El mayor hace una casa de piedra.,El mayor hizo una casa de piedra.
216,"Tierra, ser, redondo",La Tierra es redonda.,La tierra es redonda.
217,"gallo, cantar, noche",El gallo canta por la noche.,El gallo canta por la noche.
218,"niño, jugar, con, tren",El niño juega con el tren.,El niño juega con el tren.
219,"perro, jugar, con, hueso",El perro juega con el hueso.,El perro juega con el hueso.
220,"yo, jugar, parque, con, jabalí",Yo juego en el parque con el jabalí.,Yo juego al parque con jabalí.
221,"yo, querer, jugar, ordenador",Yo quiero jugar al ordenador.,Yo quiero jugar con el ordenador.
222,"cerdo, vivir, granja",El cerdo vive en la granja.,El cerdo vive en la granja.
223,"poner, lazo, en, rabo",Pone el lazo en el rabo.,Pongo el lazo en el rabo.
224,"mamá, leer, niña",Mamá lee con la niña.,Mamá lee a la niña.
225,"yo, querer, comer",Yo quiero comer.,Yo quiero comer.
226,"un, señora, viejecito, le, dar, un, borrador, mágico",Una señora viejecita les dio un borrador mágico.,Un señora viejecito le da un borrador mágico.
227,"siete, cabritillos, jugar, contento",Los siete cabritillos juegan contentos.,Los siete cabritillos juegan contentos.
228,"Juan, subir, planta",Juan subió por la planta.,Juan sube a la planta.
229,"niña, estar, sentado, en, roca",La niña está sentada en la roca.,La niña está sentada en la roca.
230,"libélula, volar, lago",La libélula vuela en el lago.,La libélula vuela sobre el lago.
231,"Pili, haber, meter, un, gol",Pili ha metido un gol.,Pili se metió un gol.
232,"avión, volar, encima, nubes",El avión vuela encima de las nubes.,El avión vuela encima de las nubes.
233,"Juán, se, llevar, gallina, arpa, mágico",Juán se llevó la gallina y el arpa mágica.,Juan se lleva la gallina y la arpa mágico.
234,"arreglar, tubería, con, tenazas",Arreglé la tubería con las tenazas.,Arreglamos la tubería con las tenazas.
235,"niña, beber, batido, de, chocolate, con, dos, pajitas",La niña bebe un batido de chocolate con dos pajitas.,La niña bebe batido de chocolate con dos pajitas.
236,"dos, coche, chocar, calle",Dos coches chocan en la calle.,Los dos coches chocaban en la calle.
237,"lobo, comer, seis, cabritillos",El lobo come a seis cabritillos.,El lobo come seis cabritillos.
238,"niño, escuchar, vaca",El niño escucha la vaca.,El niño escucha a la vaca.
239,"ser, comer, te",Es para comerte.,Yo soy comer te.
240,"pintor, pintar, mantel",El pintor pinta en el mantel.,El pintor pintaba el mantel.
241,"Juan, vivir, su, mamá",Juan vivía con su mamá.,Juan vive con su mamá.
242,"señora, Pondia, plantar, flores",La señora Pondia planta flores.,La señora Pondia planta flores.
243,"Oscar, estar, en, bar",Oscar está en el bar.,Oscar está en el bar.
244,"chico, comer, bocadillo, de, calamares, con, mayonesa",El chico come bocadillo de calamares con mayonesa.,El chico come bocadillo de calamares con mayonesa.
245,"leñador, cazar, un, jabalí",El leñador cazó un jabalí.,El leñador caza un jabalí.
246,"Ricitos, de, Oro, tener, pelo, rubio",Ricitos de Oro tiene el pelo rubio.,Ricitos de Oro tiene pelo rubio.
247,"niña, patinar, patines, casco",La niña patina con los patines y el casco.,La niña patina con patines y casco.
248,"Ricitos, de, Oro, se, despertar, asustado",Ricitos de Oro se despertó asustada.,Ricitos de Oro se despertó asustado.
249,"Juan, cortar, planta",Juan cortó la planta.,Juan corta la planta.
250,"niño, ir, lanzar, un, bola, de, nieve",El niño va a lanzar una bola de nieve.,El niño va a lanzar una bola de nieve.
251,"avión, rojo, volar, encima, nubes",El avión rojo vuela encima de las nubes.,El avión rojo vuela encima de las nubes.
252,"lobo, llamar, puerta",El lobo llama a la puerta.,El lobo llama a la puerta.
253,"papá, niño, pescar, con, caña, en, río",El papá y el niño pescan con la caña en el río.,El papá y el niño pescan con la caña en el río.
254,"señor, Pondio, cuidar, animales",El señor Pondio cuida de los animals.,El señor Pondio cuida los animales.
255,"mamá, hacer, puré, con, batidora",Mamá hace puré con la batidora.,La mamá hace puré con la batidora.
256,"cortar, filete, con, tijeras",Corté el filete con tijeras.,Corta el filete con las tijeras.
257,"abuelita, qué, orejas, grande, tener",Abuelita qué orejas grandes tienes.,La abuelita tiene orejas grandes.
258,"lobo, acostar, en, cama",El lobo se acuesta en la cama.,El lobo se acuesta en la cama.
259,"jirafa, correr, selva",La jirafa corre en la selva.,La jirafa corre por la selva.
260,"Rosa, ser, rubio",Rosa es rubia.,Rosa es rubia.
261,"niña, montar, triciclo",La niña monta en el triciclo.,La niña monta en el triciclo.
262,"Caperucita, se, entretener, coger, flores, para, abuelita",Caperucita se entretuvo cogiendo flores para la abuelita.,Caperucita se entretiene cogiendo flores para abuelita.
263,"cabritillos, reconocer, piel, oscuro, de, lobo",Los cabritillos reconocieron la piel oscura del lobo.,Los cabritillos reconocen la piel oscura de lobo.
264,"cabrita, pequeño, se, esconder, debajo, de, cama",La cabrita pequeña se escondió debajo de la cama.,La cabrita pequeña se esconde debajo de la cama.
265,"lobo, se, relamer, pensar, cabritillos",El lobo se relamía pensando en los cabritillos.,El lobo se relamía y pensaba en los cabritillos.
266,"chico, nadar, mar",El chico nada en el mar.,El chico nadaba en el mar.
267,"niña, escuchar, música",La niña escucha música.,La niña escucha la música.
268,"niño, escribir, ventana, con, dedo",El niño escribe en la ventana con el dedo.,El niño escribe en la ventana con el dedo.
269,"guitarra, estar, carro",La guitarra está en el carro.,La guitarra está en el carro.
270,"niña, comprar, ropa, en, tienda, de, ropa",La niña compra ropa en la tienda de ropa.,La niña compra ropa en la tienda de ropa.
271,"mamá, cabra, tener, siete, cabritillos",Mamá cabra tiene siete cabritillos.,La mamá cabra tiene siete cabritillos.
272,"ratita, guapo, te, querer, casar",Ratita guapa te quieres casar.,La ratita guapa te quiere casar.
273,"cerditos, estar, asustado",Los cerditos están asustados.,Los cerditos estaban asustados.
274,"niños, jugar, corro",Los niños juegan al corro.,Los niños juegan en el corro.
275,"me, romper, tobillo, en, tobogán",Me rompí el tobillo en el tobogán.,Me rompí el tobillo en el tobogán.
276,"cerditos, correr, rápido",Los cerditos corren rápido.,Los cerditos corren rápido.
277,"niño, leer, cuento, pinocho",El niño lee el cuento de pinocho.,El niño lee el cuento de Pinocchio.
278,"Luna, estar, cielo",La Luna está en el cielo.,La Luna está en el cielo.
279,"niña, comprar, con, carrito",La niña compra con el carrito.,La niña compra con el carrito.
280,"niños, jugar, fútbol",Los niños juegan al fútbol.,Los niños juegan al fútbol.
281,"planta, crecer",La planta creció.,La planta crece.
282,"niño, nadar, en, piscina",El niño nada en la piscina.,El niño nadaba en la piscina.
283,"niña, pensar, bombilla",La niña piensa en una bombilla.,La niña piensa en la bombilla.
284,"niña, aplaudir, pies",La niña aplaude con los pies.,La niña aplaude con los pies.
285,"niña, columpiar, columpio",La niña se columpia en el columpio.,La niña columpiaba en el columpio.
286,"delfines, tortuga, nadar, en, mar",Los delfines y la tortuga nadan en el mar.,Los delfines nadan en la tortuga.
287,"gallo, cantar, mañana",El gallo canta por la mañana.,El gallo canta mañana.
288,"ogro, tener, un, arpa, mágico",El ogro tenía un arpa mágica.,El ogro tiene un arpa mágico.
289,"pájaro, volar, cielo",El pájaro vuela por el cielo.,El pájaro vuela en el cielo.
